mean_accuracy 1,mean_total_time 1,mean_training_time 1,mean_inference_time 1,projection_time 1,mean_accuracy 2,mean_total_time 2,mean_training_time 2,mean_inference_time 2,projection_time 2,mean_accuracy 3,mean_total_time 3,mean_training_time 3,mean_inference_time 3,projection_time 3,mean_accuracy 4,mean_total_time 4,mean_training_time 4,mean_inference_time 4,projection_time 4,mean_accuracy 5,mean_total_time 5,mean_training_time 5,mean_inference_time 5,projection_time 5,mean_accuracy 6,mean_total_time 6,mean_training_time 6,mean_inference_time 6,projection_time 6,mean_accuracy 7,mean_total_time 7,mean_training_time 7,mean_inference_time 7,projection_time 7,mean_accuracy 8,mean_total_time 8,mean_training_time 8,mean_inference_time 8,projection_time 8,mean_accuracy 9,mean_total_time 9,mean_training_time 9,mean_inference_time 9,projection_time 9,mean_accuracy 10,mean_total_time 10,mean_training_time 10,mean_inference_time 10,projection_time 10
0.2868024132730015,0.6245067596435547,0.265125036239624,0.2616835117340088,0.09769821166992188,0.3293363499245852,0.6346774578094483,0.2638068675994873,0.27317237854003906,0.09769821166992188,0.3568627450980392,0.7680583000183105,0.39074029922485354,0.27961978912353513,0.09769821166992188,0.39494720965309205,0.8944800853729248,0.5169957637786865,0.2797861099243164,0.09769821166992188,0.4184766214177979,1.05257363319397,0.6775959014892579,0.27727952003479006,0.09769821166992188,0.4417797888386124,1.169646406173706,0.7812271595001221,0.2907210350036621,0.09769821166992188,0.46907993966817496,1.281885528564453,0.9087392330169678,0.2754480838775635,0.09769821166992188,0.5155354449472096,1.3928813457489015,1.0132504463195802,0.2819326877593994,0.09769821166992188,0.5155354449472096,1.3473775386810303,0.9877454757690429,0.2619338512420654,0.09769821166992188,0.5155354449472096,1.3527430534362792,0.989115047454834,0.2659297943115234,0.09769821166992188
